title,url,custom_redirect,page,text,Category,Rank,Hide,isFree,isTopRated,verified,premium,ImageUrl,logoUrl
Xiaflex for Peyronie's Disease,,,,This basic journey is FREE for all users. ,Urology,BASIC,FALSE,FALSE,FALSE,FALSE,FALSE,,https://i.postimg.cc/LsPv1G54/temp-Image1a-Nyha.avif
Urinary Tract Infection,,,,This basic journey is FREE for all users. ,Urology,BASIC,FALSE,FALSE,FALSE,FALSE,FALSE,,https://i.postimg.cc/LsPv1G54/temp-Image1a-Nyha.avif
Kidney Stones,,,,This basic journey is FREE for all users. ,Urology,BASIC,FALSE,FALSE,FALSE,FALSE,FALSE,,https://i.postimg.cc/LsPv1G54/temp-Image1a-Nyha.avif
Bladder Cancer,,,,This basic journey is FREE for all users. ,Urology,BASIC,FALSE,FALSE,FALSE,FALSE,FALSE,,https://i.postimg.cc/LsPv1G54/temp-Image1a-Nyha.avif
Erectile Dysfunction,,,,This basic journey is FREE for all users. ,Urology,BASIC,FALSE,FALSE,FALSE,FALSE,FALSE,,https://i.postimg.cc/LsPv1G54/temp-Image1a-Nyha.avif
Incontinence,,,,This basic journey is FREE for all users. ,Urology,BASIC,FALSE,FALSE,FALSE,FALSE,FALSE,,https://i.postimg.cc/LsPv1G54/temp-Image1a-Nyha.avif
Testicular Cancer,,,,This basic journey is FREE for all users. ,Urology,BASIC,FALSE,FALSE,FALSE,FALSE,FALSE,,https://i.postimg.cc/LsPv1G54/temp-Image1a-Nyha.avif
Interstitial Cystitis,,,,This basic journey is FREE for all users. ,Urology,BASIC,FALSE,FALSE,FALSE,FALSE,FALSE,,https://i.postimg.cc/LsPv1G54/temp-Image1a-Nyha.avif
Overactive Bladder,,,,This basic journey is FREE for all users. ,Urology,BASIC,FALSE,FALSE,FALSE,FALSE,FALSE,,https://i.postimg.cc/LsPv1G54/temp-Image1a-Nyha.avif
Urinalysis,,,,This basic journey is FREE for all users. ,Urology,BASIC,FALSE,FALSE,FALSE,FALSE,FALSE,,https://i.postimg.cc/LsPv1G54/temp-Image1a-Nyha.avif
Uroflowmetry,,,,This basic journey is FREE for all users. ,Urology,BASIC,FALSE,FALSE,FALSE,FALSE,FALSE,,https://i.postimg.cc/LsPv1G54/temp-Image1a-Nyha.avif
Cystoscopy,,,,This basic journey is FREE for all users. ,Urology,BASIC,FALSE,FALSE,FALSE,FALSE,FALSE,,https://i.postimg.cc/LsPv1G54/temp-Image1a-Nyha.avif
Prostate Specific Antigen (PSA),,,,This basic journey is FREE for all users. ,Urology,BASIC,FALSE,FALSE,FALSE,FALSE,FALSE,,https://i.postimg.cc/LsPv1G54/temp-Image1a-Nyha.avif
Urodynamic Testing,,,,This basic journey is FREE for all users. ,Urology,BASIC,FALSE,FALSE,FALSE,FALSE,FALSE,,https://i.postimg.cc/LsPv1G54/temp-Image1a-Nyha.avif
Cystourethrogram,,,,This basic journey is FREE for all users. ,Urology,BASIC,FALSE,FALSE,FALSE,FALSE,FALSE,,https://i.postimg.cc/LsPv1G54/temp-Image1a-Nyha.avif
Semen Analysis,,,,This basic journey is FREE for all users. ,Urology,BASIC,FALSE,FALSE,FALSE,FALSE,FALSE,,https://i.postimg.cc/LsPv1G54/temp-Image1a-Nyha.avif
Transurethral resection of the prostate (TURP),,,,This basic journey is FREE for all users. ,Urology,BASIC,FALSE,FALSE,FALSE,FALSE,FALSE,,https://i.postimg.cc/LsPv1G54/temp-Image1a-Nyha.avif
Extracorporeal shock wave lithotripsy (ESWL),,,,This basic journey is FREE for all users. ,Urology,BASIC,FALSE,FALSE,FALSE,FALSE,FALSE,,https://i.postimg.cc/LsPv1G54/temp-Image1a-Nyha.avif
Robotic Prostatectomy,,,,This basic journey is FREE for all users. ,Urology,BASIC,FALSE,FALSE,FALSE,FALSE,FALSE,,https://i.postimg.cc/LsPv1G54/temp-Image1a-Nyha.avif
Vasectomy,,,,This basic journey is FREE for all users. ,Urology,BASIC,FALSE,FALSE,FALSE,FALSE,FALSE,,https://i.postimg.cc/LsPv1G54/temp-Image1a-Nyha.avif
Vasectomy Reversal,,,,This basic journey is FREE for all users. ,Urology,BASIC,FALSE,FALSE,FALSE,FALSE,FALSE,,https://i.postimg.cc/LsPv1G54/temp-Image1a-Nyha.avif
Ureteroscopy,,,,This basic journey is FREE for all users. ,Urology,BASIC,FALSE,FALSE,FALSE,FALSE,FALSE,,https://i.postimg.cc/LsPv1G54/temp-Image1a-Nyha.avif
Orchiectomy,,,,This basic journey is FREE for all users. ,Urology,BASIC,FALSE,FALSE,FALSE,FALSE,FALSE,,https://i.postimg.cc/LsPv1G54/temp-Image1a-Nyha.avif
Sling,,,,This basic journey is FREE for all users. ,Urology,BASIC,FALSE,FALSE,FALSE,FALSE,FALSE,,https://i.postimg.cc/LsPv1G54/temp-Image1a-Nyha.avif
Pelvic Organ Prolapse (POP),,,,This basic journey is FREE for all users. ,Urology,BASIC,FALSE,FALSE,FALSE,FALSE,FALSE,,https://i.postimg.cc/LsPv1G54/temp-Image1a-Nyha.avif
Benign Prostatic Hyperplasia (BPH) - Rezum Water Vapor Therapy,,,,This basic journey is FREE for all users. ,Urology,BASIC,FALSE,FALSE,FALSE,FALSE,FALSE,,https://i.postimg.cc/LsPv1G54/temp-Image1a-Nyha.avif
Penile Implant Support Program: Preoperative Instructions,,,,This basic journey is FREE for all users. ,Urology,BASIC,FALSE,FALSE,FALSE,FALSE,FALSE,,https://i.postimg.cc/LsPv1G54/temp-Image1a-Nyha.avif
Penile Implant Support Program: Recovery Instructions,,,,This basic journey is FREE for all users. ,Urology,BASIC,FALSE,FALSE,FALSE,FALSE,FALSE,,https://i.postimg.cc/LsPv1G54/temp-Image1a-Nyha.avif
Preparing for SpaceOAR,,,,This basic journey is FREE for all users. ,Urology,BASIC,FALSE,FALSE,FALSE,FALSE,FALSE,,https://i.postimg.cc/LsPv1G54/temp-Image1a-Nyha.avif
Prostate Cancer Overview,,,,This basic journey is FREE for all users. ,Urology,BASIC,FALSE,FALSE,FALSE,FALSE,FALSE,,https://i.postimg.cc/LsPv1G54/temp-Image1a-Nyha.avif
Prostate Cancer - Care Navigation,,,,This basic journey is FREE for all users. ,Urology,BASIC,FALSE,FALSE,FALSE,FALSE,FALSE,,https://i.postimg.cc/LsPv1G54/temp-Image1a-Nyha.avif
Hiperplasia Benigna de Próstata (HBP) ,,,,This basic journey is FREE for all users. ,Urology,BASIC,FALSE,FALSE,FALSE,FALSE,FALSE,,https://i.postimg.cc/LsPv1G54/temp-Image1a-Nyha.avif
Preparación para SpaceOAR,,,,This basic journey is FREE for all users. ,Urology,BASIC,FALSE,FALSE,FALSE,FALSE,FALSE,,https://i.postimg.cc/LsPv1G54/temp-Image1a-Nyha.avif
Programa De Apoyo a Implantes de Pene Preoperatorio,,,,This basic journey is FREE for all users. ,Urology,BASIC,FALSE,FALSE,FALSE,FALSE,FALSE,,https://i.postimg.cc/LsPv1G54/temp-Image1a-Nyha.avif
Programa De Apoyo a Implantes de Pene Recuperación,,,,This basic journey is FREE for all users. ,Urology,BASIC,FALSE,FALSE,FALSE,FALSE,FALSE,,https://i.postimg.cc/LsPv1G54/temp-Image1a-Nyha.avif
New BPH Diagnosis - Care Navigation,,,,This basic journey is FREE for all users. ,Urology,BASIC,FALSE,FALSE,FALSE,FALSE,FALSE,,https://i.postimg.cc/LsPv1G54/temp-Image1a-Nyha.avif
About Our Practice,,,,This is a private library for customers of CQ Partners.  Contact your CQ Partners representative for help getting started. ,Private: CQ Partners,PRIVATE,FALSE,FALSE,FALSE,FALSE,FALSE,,https://i.postimg.cc/LsPv1G54/temp-Image1a-Nyha.avif
Education Post Hearing Aid Evaluation,,,,This is a private library for customers of CQ Partners.  Contact your CQ Partners representative for help getting started. ,Private: CQ Partners,PRIVATE,FALSE,FALSE,FALSE,FALSE,FALSE,,https://i.postimg.cc/LsPv1G54/temp-Image1a-Nyha.avif
Happenings at Our Clinic,,,,This is a private library for customers of CQ Partners.  Contact your CQ Partners representative for help getting started. ,Private: CQ Partners,PRIVATE,FALSE,FALSE,FALSE,FALSE,FALSE,,https://i.postimg.cc/LsPv1G54/temp-Image1a-Nyha.avif
Meet Your Provider,,,,This is a private library for customers of CQ Partners.  Contact your CQ Partners representative for help getting started. ,Private: CQ Partners,PRIVATE,FALSE,FALSE,FALSE,FALSE,FALSE,,https://i.postimg.cc/LsPv1G54/temp-Image1a-Nyha.avif
Mejore la eficacia de la evaluación de audifonos (HAE),,,,This is a private library for customers of CQ Partners.  Contact your CQ Partners representative for help getting started. ,Private: CQ Partners,PRIVATE,FALSE,FALSE,FALSE,FALSE,FALSE,,https://i.postimg.cc/LsPv1G54/temp-Image1a-Nyha.avif
Over the Counter (OTC) Hearing Aid FAQs,,,,This is a private library for customers of CQ Partners.  Contact your CQ Partners representative for help getting started. ,Private: CQ Partners,PRIVATE,FALSE,FALSE,FALSE,FALSE,FALSE,,https://i.postimg.cc/LsPv1G54/temp-Image1a-Nyha.avif
Your Hearing Evaluation,,,,This is a private library for customers of CQ Partners.  Contact your CQ Partners representative for help getting started. ,Private: CQ Partners,PRIVATE,FALSE,FALSE,FALSE,FALSE,FALSE,,https://i.postimg.cc/LsPv1G54/temp-Image1a-Nyha.avif
Your Hearing Loss Consultation,,,,This is a private library for customers of CQ Partners.  Contact your CQ Partners representative for help getting started. ,Private: CQ Partners,PRIVATE,FALSE,FALSE,FALSE,FALSE,FALSE,,https://i.postimg.cc/LsPv1G54/temp-Image1a-Nyha.avif
Ventricular Tachycardia (VT) ,,,,This basic journey is FREE for all users. ,Cardiology,BASIC,FALSE,FALSE,FALSE,FALSE,FALSE,,https://i.postimg.cc/LsPv1G54/temp-Image1a-Nyha.avif
Supraventricular Tachycardia (SVT),,,,This basic journey is FREE for all users. ,Cardiology,BASIC,FALSE,FALSE,FALSE,FALSE,FALSE,,https://i.postimg.cc/LsPv1G54/temp-Image1a-Nyha.avif
Bradycardia,,,,This basic journey is FREE for all users. ,Cardiology,BASIC,FALSE,FALSE,FALSE,FALSE,FALSE,,https://i.postimg.cc/LsPv1G54/temp-Image1a-Nyha.avif
Wolff-Parkinson-White (WPW) Syndrome,,,,This basic journey is FREE for all users. ,Cardiology,BASIC,FALSE,FALSE,FALSE,FALSE,FALSE,,https://i.postimg.cc/LsPv1G54/temp-Image1a-Nyha.avif
Bundle Branch Block,,,,This basic journey is FREE for all users. ,Cardiology,BASIC,FALSE,FALSE,FALSE,FALSE,FALSE,,https://i.postimg.cc/LsPv1G54/temp-Image1a-Nyha.avif
Heart Block,,,,This basic journey is FREE for all users. ,Cardiology,BASIC,FALSE,FALSE,FALSE,FALSE,FALSE,,https://i.postimg.cc/LsPv1G54/temp-Image1a-Nyha.avif
Atrioventricular Nodal Reentry Tachycardia (AVNRT),,,,This basic journey is FREE for all users. ,Cardiology,BASIC,FALSE,FALSE,FALSE,FALSE,FALSE,,https://i.postimg.cc/LsPv1G54/temp-Image1a-Nyha.avif
Implantable Cardioverter-Defibrillator (ICD) Placement,,,,This basic journey is FREE for all users. ,Cardiology,BASIC,FALSE,FALSE,FALSE,FALSE,FALSE,,https://i.postimg.cc/LsPv1G54/temp-Image1a-Nyha.avif
Cardiac Resynchronization Therapy (CRT) Device Implantation,,,,This basic journey is FREE for all users. ,Cardiology,BASIC,FALSE,FALSE,FALSE,FALSE,FALSE,,https://i.postimg.cc/LsPv1G54/temp-Image1a-Nyha.avif
Electrophysiology Study (EPS),,,,This basic journey is FREE for all users. ,Cardiology,BASIC,FALSE,FALSE,FALSE,FALSE,FALSE,,https://i.postimg.cc/LsPv1G54/temp-Image1a-Nyha.avif
Left Atrial Appendage Closure (LAAC),,,,This basic journey is FREE for all users. ,Cardiology,BASIC,FALSE,FALSE,FALSE,FALSE,FALSE,,https://i.postimg.cc/LsPv1G54/temp-Image1a-Nyha.avif
Cardioversion,,,,This basic journey is FREE for all users. ,Cardiology,BASIC,FALSE,FALSE,FALSE,FALSE,FALSE,,https://i.postimg.cc/LsPv1G54/temp-Image1a-Nyha.avif
Electrocardiogram (ECG or EKG),,,,This basic journey is FREE for all users. ,Cardiology,BASIC,FALSE,FALSE,FALSE,FALSE,FALSE,,https://i.postimg.cc/LsPv1G54/temp-Image1a-Nyha.avif
Stress Test,,,,This basic journey is FREE for all users. ,Cardiology,BASIC,FALSE,FALSE,FALSE,FALSE,FALSE,,https://i.postimg.cc/LsPv1G54/temp-Image1a-Nyha.avif
Cardiac Imaging,,,,This basic journey is FREE for all users. ,Cardiology,BASIC,FALSE,FALSE,FALSE,FALSE,FALSE,,https://i.postimg.cc/LsPv1G54/temp-Image1a-Nyha.avif
Electromyography (EMG),,,,This basic journey is FREE for all users. ,Cardiology,BASIC,FALSE,FALSE,FALSE,FALSE,FALSE,,https://i.postimg.cc/LsPv1G54/temp-Image1a-Nyha.avif
Blood Tests,,,,This basic journey is FREE for all users. ,Cardiology,BASIC,FALSE,FALSE,FALSE,FALSE,FALSE,,https://i.postimg.cc/LsPv1G54/temp-Image1a-Nyha.avif
Genetic Testing,,,,This basic journey is FREE for all users. ,Cardiology,BASIC,FALSE,FALSE,FALSE,FALSE,FALSE,,https://i.postimg.cc/LsPv1G54/temp-Image1a-Nyha.avif
Coronary Artery Disease (CAD),,,,This basic journey is FREE for all users. ,Cardiology,BASIC,FALSE,FALSE,FALSE,FALSE,FALSE,,https://i.postimg.cc/LsPv1G54/temp-Image1a-Nyha.avif
Myocardial Infarction (Heart attack),,,,This basic journey is FREE for all users. ,Cardiology,BASIC,FALSE,FALSE,FALSE,FALSE,FALSE,,https://i.postimg.cc/LsPv1G54/temp-Image1a-Nyha.avif
Valvular Heart Disease,,,,This basic journey is FREE for all users. ,Cardiology,BASIC,FALSE,FALSE,FALSE,FALSE,FALSE,,https://i.postimg.cc/LsPv1G54/temp-Image1a-Nyha.avif
Peripheral Artery Disease (PAD),,,,This basic journey is FREE for all users. ,Cardiology,BASIC,FALSE,FALSE,FALSE,FALSE,FALSE,,https://i.postimg.cc/LsPv1G54/temp-Image1a-Nyha.avif
Atrial Septal Defect (ASD),,,,This basic journey is FREE for all users. ,Cardiology,BASIC,FALSE,FALSE,FALSE,FALSE,FALSE,,https://i.postimg.cc/LsPv1G54/temp-Image1a-Nyha.avif
Patent Foramen Ovale (PFO),,,,This basic journey is FREE for all users. ,Cardiology,BASIC,FALSE,FALSE,FALSE,FALSE,FALSE,,https://i.postimg.cc/LsPv1G54/temp-Image1a-Nyha.avif
Ventricular Septal Defect (VSD),,,,This basic journey is FREE for all users. ,Cardiology,BASIC,FALSE,FALSE,FALSE,FALSE,FALSE,,https://i.postimg.cc/LsPv1G54/temp-Image1a-Nyha.avif
Cardiogenic Shock,,,,This basic journey is FREE for all users. ,Cardiology,BASIC,FALSE,FALSE,FALSE,FALSE,FALSE,,https://i.postimg.cc/LsPv1G54/temp-Image1a-Nyha.avif
Hypertrophic Cardiomyopathy,,,,This basic journey is FREE for all users. ,Cardiology,BASIC,FALSE,FALSE,FALSE,FALSE,FALSE,,https://i.postimg.cc/LsPv1G54/temp-Image1a-Nyha.avif
Pulmonary Embolism,,,,This basic journey is FREE for all users. ,Cardiology,BASIC,FALSE,FALSE,FALSE,FALSE,FALSE,,https://i.postimg.cc/LsPv1G54/temp-Image1a-Nyha.avif
Percutaneous Coronary Intervention (PCI),,,,This basic journey is FREE for all users. ,Cardiology,BASIC,FALSE,FALSE,FALSE,FALSE,FALSE,,https://i.postimg.cc/LsPv1G54/temp-Image1a-Nyha.avif
Catheter Ablation,,,,This basic journey is FREE for all users. ,Cardiology,BASIC,FALSE,FALSE,FALSE,FALSE,FALSE,,https://i.postimg.cc/LsPv1G54/temp-Image1a-Nyha.avif
Transcatheter Mitral Valve Repair (TMVR),,,,This basic journey is FREE for all users. ,Cardiology,BASIC,FALSE,FALSE,FALSE,FALSE,FALSE,,https://i.postimg.cc/LsPv1G54/temp-Image1a-Nyha.avif
Atrial Septal Defect (ASD) Closure,,,,This basic journey is FREE for all users. ,Cardiology,BASIC,FALSE,FALSE,FALSE,FALSE,FALSE,,https://i.postimg.cc/LsPv1G54/temp-Image1a-Nyha.avif
Ventricular Septal Defect (VSD) Closure,,,,This basic journey is FREE for all users. ,Cardiology,BASIC,FALSE,FALSE,FALSE,FALSE,FALSE,,https://i.postimg.cc/LsPv1G54/temp-Image1a-Nyha.avif
Patent Foramen Ovale (PFO) Closure,,,,This basic journey is FREE for all users. ,Cardiology,BASIC,FALSE,FALSE,FALSE,FALSE,FALSE,,https://i.postimg.cc/LsPv1G54/temp-Image1a-Nyha.avif
Patent Foramen Ovale (PFO) Closure,,,,This basic journey is FREE for all users. ,Cardiology,BASIC,FALSE,FALSE,FALSE,FALSE,FALSE,,https://i.postimg.cc/LsPv1G54/temp-Image1a-Nyha.avif
Intravascular Ultrasound (IVUS),,,,This basic journey is FREE for all users. ,Cardiology,BASIC,FALSE,FALSE,FALSE,FALSE,FALSE,,https://i.postimg.cc/LsPv1G54/temp-Image1a-Nyha.avif
Fractional Flow Reserve (FFR) Measurement,,,,This basic journey is FREE for all users. ,Cardiology,BASIC,FALSE,FALSE,FALSE,FALSE,FALSE,,https://i.postimg.cc/LsPv1G54/temp-Image1a-Nyha.avif
Intracardiac Echocardiography (ICE),,,,This basic journey is FREE for all users. ,Cardiology,BASIC,FALSE,FALSE,FALSE,FALSE,FALSE,,https://i.postimg.cc/LsPv1G54/temp-Image1a-Nyha.avif
Electrophysiological Testing,,,,This basic journey is FREE for all users. ,Cardiology,BASIC,FALSE,FALSE,FALSE,FALSE,FALSE,,https://i.postimg.cc/LsPv1G54/temp-Image1a-Nyha.avif
Loop Recorder Implantation,,,,This basic journey is FREE for all users. ,Cardiology,BASIC,FALSE,FALSE,FALSE,FALSE,FALSE,,https://i.postimg.cc/LsPv1G54/temp-Image1a-Nyha.avif
Tilt-Table Test,,,,This basic journey is FREE for all users. ,Cardiology,BASIC,FALSE,FALSE,FALSE,FALSE,FALSE,,https://i.postimg.cc/LsPv1G54/temp-Image1a-Nyha.avif
Implantable Loop Recorder (ILR) Removal,,,,This basic journey is FREE for all users. ,Cardiology,BASIC,FALSE,FALSE,FALSE,FALSE,FALSE,,https://i.postimg.cc/LsPv1G54/temp-Image1a-Nyha.avif
Holter Monitor,,,,This basic journey is FREE for all users. ,Cardiology,BASIC,FALSE,FALSE,FALSE,FALSE,FALSE,,https://i.postimg.cc/LsPv1G54/temp-Image1a-Nyha.avif
Event Monitor,,,,This basic journey is FREE for all users. ,Cardiology,BASIC,FALSE,FALSE,FALSE,FALSE,FALSE,,https://i.postimg.cc/LsPv1G54/temp-Image1a-Nyha.avif
Breast Augmentation,,,,This basic journey is FREE for all users. ,Cosmetic Surgery,BASIC,FALSE,FALSE,FALSE,FALSE,FALSE,,https://i.postimg.cc/LsPv1G54/temp-Image1a-Nyha.avif
Liposuction,,,,This basic journey is FREE for all users. ,Cosmetic Surgery,BASIC,FALSE,FALSE,FALSE,FALSE,FALSE,,https://i.postimg.cc/LsPv1G54/temp-Image1a-Nyha.avif
Rhinoplasty,,,,This basic journey is FREE for all users. ,Cosmetic Surgery,BASIC,FALSE,FALSE,FALSE,FALSE,FALSE,,https://i.postimg.cc/LsPv1G54/temp-Image1a-Nyha.avif
Eyelid Surgery (Blepharoplasty),,,,This basic journey is FREE for all users. ,Cosmetic Surgery,BASIC,FALSE,FALSE,FALSE,FALSE,FALSE,,https://i.postimg.cc/LsPv1G54/temp-Image1a-Nyha.avif
Abdominoplasty (Tummy Tuck),,,,This basic journey is FREE for all users. ,Cosmetic Surgery,BASIC,FALSE,FALSE,FALSE,FALSE,FALSE,,https://i.postimg.cc/LsPv1G54/temp-Image1a-Nyha.avif
Facelift (Rhytidectomy),,,,This basic journey is FREE for all users. ,Cosmetic Surgery,BASIC,FALSE,FALSE,FALSE,FALSE,FALSE,,https://i.postimg.cc/LsPv1G54/temp-Image1a-Nyha.avif
Breast Lift (Mastopexy),,,,This basic journey is FREE for all users. ,Cosmetic Surgery,BASIC,FALSE,FALSE,FALSE,FALSE,FALSE,,https://i.postimg.cc/LsPv1G54/temp-Image1a-Nyha.avif
Botox Injections,,,,This basic journey is FREE for all users. ,Cosmetic Surgery,BASIC,FALSE,FALSE,FALSE,FALSE,FALSE,,https://i.postimg.cc/LsPv1G54/temp-Image1a-Nyha.avif
Filler Injections,,,,This basic journey is FREE for all users. ,Cosmetic Surgery,BASIC,FALSE,FALSE,FALSE,FALSE,FALSE,,https://i.postimg.cc/LsPv1G54/temp-Image1a-Nyha.avif
Breast Reduction,,,,This basic journey is FREE for all users. ,Cosmetic Surgery,BASIC,FALSE,FALSE,FALSE,FALSE,FALSE,,https://i.postimg.cc/LsPv1G54/temp-Image1a-Nyha.avif
Laser Hair Removal,,,,This basic journey is FREE for all users. ,Cosmetic Surgery,BASIC,FALSE,FALSE,FALSE,FALSE,FALSE,,https://i.postimg.cc/LsPv1G54/temp-Image1a-Nyha.avif
Lip Augmentation,,,,This basic journey is FREE for all users. ,Cosmetic Surgery,BASIC,FALSE,FALSE,FALSE,FALSE,FALSE,,https://i.postimg.cc/LsPv1G54/temp-Image1a-Nyha.avif
Brazilian Butt Lift,,,,This basic journey is FREE for all users. ,Cosmetic Surgery,BASIC,FALSE,FALSE,FALSE,FALSE,FALSE,,https://i.postimg.cc/LsPv1G54/temp-Image1a-Nyha.avif
Forehead Lift (Brow Lift),,,,This basic journey is FREE for all users. ,Cosmetic Surgery,BASIC,FALSE,FALSE,FALSE,FALSE,FALSE,,https://i.postimg.cc/LsPv1G54/temp-Image1a-Nyha.avif
Chin Augmentation,,,,This basic journey is FREE for all users. ,Cosmetic Surgery,BASIC,FALSE,FALSE,FALSE,FALSE,FALSE,,https://i.postimg.cc/LsPv1G54/temp-Image1a-Nyha.avif
Ear Surgery (Otoplasty),,,,This basic journey is FREE for all users. ,Cosmetic Surgery,BASIC,FALSE,FALSE,FALSE,FALSE,FALSE,,https://i.postimg.cc/LsPv1G54/temp-Image1a-Nyha.avif
Thigh Lift,,,,This basic journey is FREE for all users. ,Cosmetic Surgery,BASIC,FALSE,FALSE,FALSE,FALSE,FALSE,,https://i.postimg.cc/LsPv1G54/temp-Image1a-Nyha.avif
Neck Lift,,,,This basic journey is FREE for all users. ,Cosmetic Surgery,BASIC,FALSE,FALSE,FALSE,FALSE,FALSE,,https://i.postimg.cc/LsPv1G54/temp-Image1a-Nyha.avif
Cheek Augmentation,,,,This basic journey is FREE for all users. ,Cosmetic Surgery,BASIC,FALSE,FALSE,FALSE,FALSE,FALSE,,https://i.postimg.cc/LsPv1G54/temp-Image1a-Nyha.avif
Gynecomastia Surgery,,,,This basic journey is FREE for all users. ,Cosmetic Surgery,BASIC,FALSE,FALSE,FALSE,FALSE,FALSE,,https://i.postimg.cc/LsPv1G54/temp-Image1a-Nyha.avif
Complete Blood Count (CBC),,,,This basic journey is FREE for all users. ,Diagnostics,BASIC,FALSE,FALSE,FALSE,FALSE,FALSE,,https://i.postimg.cc/LsPv1G54/temp-Image1a-Nyha.avif
Blood Chemistry Panel,,,,This basic journey is FREE for all users. ,Diagnostics,BASIC,FALSE,FALSE,FALSE,FALSE,FALSE,,https://i.postimg.cc/LsPv1G54/temp-Image1a-Nyha.avif
X-Ray,,,,This basic journey is FREE for all users. ,Diagnostics,BASIC,FALSE,FALSE,FALSE,FALSE,FALSE,,https://i.postimg.cc/LsPv1G54/temp-Image1a-Nyha.avif
Electrocardiogram (ECG or EKG),,,,This basic journey is FREE for all users. ,Diagnostics,BASIC,FALSE,FALSE,FALSE,FALSE,FALSE,,https://i.postimg.cc/LsPv1G54/temp-Image1a-Nyha.avif
Computed Tomography (CT) Scan,,,,This basic journey is FREE for all users. ,Diagnostics,BASIC,FALSE,FALSE,FALSE,FALSE,FALSE,,https://i.postimg.cc/LsPv1G54/temp-Image1a-Nyha.avif
Magnetic Resonance Imaging (MRI),,,,This basic journey is FREE for all users. ,Diagnostics,BASIC,FALSE,FALSE,FALSE,FALSE,FALSE,,https://i.postimg.cc/LsPv1G54/temp-Image1a-Nyha.avif
Ultrasound,,,,This basic journey is FREE for all users. ,Diagnostics,BASIC,FALSE,FALSE,FALSE,FALSE,FALSE,,https://i.postimg.cc/LsPv1G54/temp-Image1a-Nyha.avif
Biopsy,,,,This basic journey is FREE for all users. ,Diagnostics,BASIC,FALSE,FALSE,FALSE,FALSE,FALSE,,https://i.postimg.cc/LsPv1G54/temp-Image1a-Nyha.avif
Bone Density Test (DEXA Scan),,,,This basic journey is FREE for all users. ,Diagnostics,BASIC,FALSE,FALSE,FALSE,FALSE,FALSE,,https://i.postimg.cc/LsPv1G54/temp-Image1a-Nyha.avif
Electroencephalogram (EEG),,,,This basic journey is FREE for all users. ,Diagnostics,BASIC,FALSE,FALSE,FALSE,FALSE,FALSE,,https://i.postimg.cc/LsPv1G54/temp-Image1a-Nyha.avif
Spirometry,,,,This basic journey is FREE for all users. ,Diagnostics,BASIC,FALSE,FALSE,FALSE,FALSE,FALSE,,https://i.postimg.cc/LsPv1G54/temp-Image1a-Nyha.avif
About Me,,,,This basic journey is FREE for all users. ,General ,BASIC,FALSE,FALSE,FALSE,FALSE,FALSE,,https://i.postimg.cc/LsPv1G54/temp-Image1a-Nyha.avif
Gastroesophageal Reflux Disease (GERD),,,,This basic journey is FREE for all users. ,GI,BASIC,FALSE,FALSE,FALSE,FALSE,FALSE,,https://i.postimg.cc/LsPv1G54/temp-Image1a-Nyha.avif
Peptic Ulcer Disease,,,,This basic journey is FREE for all users. ,GI,BASIC,FALSE,FALSE,FALSE,FALSE,FALSE,,https://i.postimg.cc/LsPv1G54/temp-Image1a-Nyha.avif
Inflammatory Bowel Disease (IBD),,,,This basic journey is FREE for all users. ,GI,BASIC,FALSE,FALSE,FALSE,FALSE,FALSE,,https://i.postimg.cc/LsPv1G54/temp-Image1a-Nyha.avif
Irritable Bowel Syndrome (IBS),,,,This basic journey is FREE for all users. ,GI,BASIC,FALSE,FALSE,FALSE,FALSE,FALSE,,https://i.postimg.cc/LsPv1G54/temp-Image1a-Nyha.avif
Gastrointestinal Bleeding,,,,This basic journey is FREE for all users. ,GI,BASIC,FALSE,FALSE,FALSE,FALSE,FALSE,,https://i.postimg.cc/LsPv1G54/temp-Image1a-Nyha.avif
Diverticulitis,,,,This basic journey is FREE for all users. ,GI,BASIC,FALSE,FALSE,FALSE,FALSE,FALSE,,https://i.postimg.cc/LsPv1G54/temp-Image1a-Nyha.avif
Colon Polyps,,,,This basic journey is FREE for all users. ,GI,BASIC,FALSE,FALSE,FALSE,FALSE,FALSE,,https://i.postimg.cc/LsPv1G54/temp-Image1a-Nyha.avif
Gallstones,,,,This basic journey is FREE for all users. ,GI,BASIC,FALSE,FALSE,FALSE,FALSE,FALSE,,https://i.postimg.cc/LsPv1G54/temp-Image1a-Nyha.avif
Pancreatitis,,,,This basic journey is FREE for all users. ,GI,BASIC,FALSE,FALSE,FALSE,FALSE,FALSE,,https://i.postimg.cc/LsPv1G54/temp-Image1a-Nyha.avif
Celiac Disease,,,,This basic journey is FREE for all users. ,GI,BASIC,FALSE,FALSE,FALSE,FALSE,FALSE,,https://i.postimg.cc/LsPv1G54/temp-Image1a-Nyha.avif
Hepatitis,,,,This basic journey is FREE for all users. ,GI,BASIC,FALSE,FALSE,FALSE,FALSE,FALSE,,https://i.postimg.cc/LsPv1G54/temp-Image1a-Nyha.avif
Non-Alcoholic Fatty Liver Disease (NAFLD),,,,This basic journey is FREE for all users. ,GI,BASIC,FALSE,FALSE,FALSE,FALSE,FALSE,,https://i.postimg.cc/LsPv1G54/temp-Image1a-Nyha.avif
Gastrointestinal Motility Disorders,,,,This basic journey is FREE for all users. ,GI,BASIC,FALSE,FALSE,FALSE,FALSE,FALSE,,https://i.postimg.cc/LsPv1G54/temp-Image1a-Nyha.avif
Gastrointestinal Cancers,,,,This basic journey is FREE for all users. ,GI,BASIC,FALSE,FALSE,FALSE,FALSE,FALSE,,https://i.postimg.cc/LsPv1G54/temp-Image1a-Nyha.avif
Gastrointestinal Infections,,,,This basic journey is FREE for all users. ,GI,BASIC,FALSE,FALSE,FALSE,FALSE,FALSE,,https://i.postimg.cc/LsPv1G54/temp-Image1a-Nyha.avif
Barrett's Esophagus,,,,This basic journey is FREE for all users. ,GI,BASIC,FALSE,FALSE,FALSE,FALSE,FALSE,,https://i.postimg.cc/LsPv1G54/temp-Image1a-Nyha.avif
Malabsorption Syndromes,,,,This basic journey is FREE for all users. ,GI,BASIC,FALSE,FALSE,FALSE,FALSE,FALSE,,https://i.postimg.cc/LsPv1G54/temp-Image1a-Nyha.avif
Functional Dyspepsia,,,,This basic journey is FREE for all users. ,GI,BASIC,FALSE,FALSE,FALSE,FALSE,FALSE,,https://i.postimg.cc/LsPv1G54/temp-Image1a-Nyha.avif
Gastritis,,,,This basic journey is FREE for all users. ,GI,BASIC,FALSE,FALSE,FALSE,FALSE,FALSE,,https://i.postimg.cc/LsPv1G54/temp-Image1a-Nyha.avif
Gastrointestinal Reflux Disease,,,,This basic journey is FREE for all users. ,GI,BASIC,FALSE,FALSE,FALSE,FALSE,FALSE,,https://i.postimg.cc/LsPv1G54/temp-Image1a-Nyha.avif
Fibroid Removal,,,,This basic journey is FREE for all users. ,OB/GYN,BASIC,FALSE,FALSE,FALSE,FALSE,FALSE,,https://i.postimg.cc/LsPv1G54/temp-Image1a-Nyha.avif
Pregnancy,,,,This basic journey is FREE for all users. ,OB/GYN,BASIC,FALSE,FALSE,FALSE,FALSE,FALSE,,https://i.postimg.cc/LsPv1G54/temp-Image1a-Nyha.avif
Menstrual disorders,,,,This basic journey is FREE for all users. ,OB/GYN,BASIC,FALSE,FALSE,FALSE,FALSE,FALSE,,https://i.postimg.cc/LsPv1G54/temp-Image1a-Nyha.avif
Infertility,,,,This basic journey is FREE for all users. ,OB/GYN,BASIC,FALSE,FALSE,FALSE,FALSE,FALSE,,https://i.postimg.cc/LsPv1G54/temp-Image1a-Nyha.avif
Endometriosis,,,,This basic journey is FREE for all users. ,OB/GYN,BASIC,FALSE,FALSE,FALSE,FALSE,FALSE,,https://i.postimg.cc/LsPv1G54/temp-Image1a-Nyha.avif
Polycystic ovary syndrome (PCOS),,,,This basic journey is FREE for all users. ,OB/GYN,BASIC,FALSE,FALSE,FALSE,FALSE,FALSE,,https://i.postimg.cc/LsPv1G54/temp-Image1a-Nyha.avif
Uterine fibroids,,,,This basic journey is FREE for all users. ,OB/GYN,BASIC,FALSE,FALSE,FALSE,FALSE,FALSE,,https://i.postimg.cc/LsPv1G54/temp-Image1a-Nyha.avif
Menopause,,,,This basic journey is FREE for all users. ,OB/GYN,BASIC,FALSE,FALSE,FALSE,FALSE,FALSE,,https://i.postimg.cc/LsPv1G54/temp-Image1a-Nyha.avif
Pelvic inflammatory disease (PID),,,,This basic journey is FREE for all users. ,OB/GYN,BASIC,FALSE,FALSE,FALSE,FALSE,FALSE,,https://i.postimg.cc/LsPv1G54/temp-Image1a-Nyha.avif
Ovarian cysts,,,,This basic journey is FREE for all users. ,OB/GYN,BASIC,FALSE,FALSE,FALSE,FALSE,FALSE,,https://i.postimg.cc/LsPv1G54/temp-Image1a-Nyha.avif
Cervical dysplasia,,,,This basic journey is FREE for all users. ,OB/GYN,BASIC,FALSE,FALSE,FALSE,FALSE,FALSE,,https://i.postimg.cc/LsPv1G54/temp-Image1a-Nyha.avif
Pelvic organ prolapse,,,,This basic journey is FREE for all users. ,OB/GYN,BASIC,FALSE,FALSE,FALSE,FALSE,FALSE,,https://i.postimg.cc/LsPv1G54/temp-Image1a-Nyha.avif
Breast disorders,,,,This basic journey is FREE for all users. ,OB/GYN,BASIC,FALSE,FALSE,FALSE,FALSE,FALSE,,https://i.postimg.cc/LsPv1G54/temp-Image1a-Nyha.avif
Abnormal Pap Smears,,,,This basic journey is FREE for all users. ,OB/GYN,BASIC,FALSE,FALSE,FALSE,FALSE,FALSE,,https://i.postimg.cc/LsPv1G54/temp-Image1a-Nyha.avif
Ectopic pregnancy,,,,This basic journey is FREE for all users. ,OB/GYN,BASIC,FALSE,FALSE,FALSE,FALSE,FALSE,,https://i.postimg.cc/LsPv1G54/temp-Image1a-Nyha.avif
Premenstrual syndrome (PMS),,,,This basic journey is FREE for all users. ,OB/GYN,BASIC,FALSE,FALSE,FALSE,FALSE,FALSE,,https://i.postimg.cc/LsPv1G54/temp-Image1a-Nyha.avif
Ovarian cancer,,,,This basic journey is FREE for all users. ,OB/GYN,BASIC,FALSE,FALSE,FALSE,FALSE,FALSE,,https://i.postimg.cc/LsPv1G54/temp-Image1a-Nyha.avif
Uterine cancer,,,,This basic journey is FREE for all users. ,OB/GYN,BASIC,FALSE,FALSE,FALSE,FALSE,FALSE,,https://i.postimg.cc/LsPv1G54/temp-Image1a-Nyha.avif
Gestational diabetes,,,,This basic journey is FREE for all users. ,OB/GYN,BASIC,FALSE,FALSE,FALSE,FALSE,FALSE,,https://i.postimg.cc/LsPv1G54/temp-Image1a-Nyha.avif
Vaginal infections,,,,This basic journey is FREE for all users. ,OB/GYN,BASIC,FALSE,FALSE,FALSE,FALSE,FALSE,,https://i.postimg.cc/LsPv1G54/temp-Image1a-Nyha.avif
Incontinence,,,,This basic journey is FREE for all users. ,OB/GYN,BASIC,FALSE,FALSE,FALSE,FALSE,FALSE,,https://i.postimg.cc/LsPv1G54/temp-Image1a-Nyha.avif
HER2+ Breast Cancer,,,,This basic journey is FREE for all users. ,Oncology,BASIC,FALSE,FALSE,FALSE,FALSE,FALSE,,https://i.postimg.cc/LsPv1G54/temp-Image1a-Nyha.avif
Breast Cancer,,,,This basic journey is FREE for all users. ,Oncology,BASIC,FALSE,FALSE,FALSE,FALSE,FALSE,,https://i.postimg.cc/LsPv1G54/temp-Image1a-Nyha.avif
Non-small Cell Lung Cancer,,,,This basic journey is FREE for all users. ,Oncology,BASIC,FALSE,FALSE,FALSE,FALSE,FALSE,,https://i.postimg.cc/LsPv1G54/temp-Image1a-Nyha.avif
Small-cell Lung Cancer,,,,This basic journey is FREE for all users. ,Oncology,BASIC,FALSE,FALSE,FALSE,FALSE,FALSE,,https://i.postimg.cc/LsPv1G54/temp-Image1a-Nyha.avif
Colorectal Cancer,,,,This basic journey is FREE for all users. ,Oncology,BASIC,FALSE,FALSE,FALSE,FALSE,FALSE,,https://i.postimg.cc/LsPv1G54/temp-Image1a-Nyha.avif
Prostate Cancer,,,,This basic journey is FREE for all users. ,Oncology,BASIC,FALSE,FALSE,FALSE,FALSE,FALSE,,https://i.postimg.cc/LsPv1G54/temp-Image1a-Nyha.avif
Ovarian Cancer,,,,This basic journey is FREE for all users. ,Oncology,BASIC,FALSE,FALSE,FALSE,FALSE,FALSE,,https://i.postimg.cc/LsPv1G54/temp-Image1a-Nyha.avif
Leukemia,,,,This basic journey is FREE for all users. ,Oncology,BASIC,FALSE,FALSE,FALSE,FALSE,FALSE,,https://i.postimg.cc/LsPv1G54/temp-Image1a-Nyha.avif
Lymphoma,,,,This basic journey is FREE for all users. ,Oncology,BASIC,FALSE,FALSE,FALSE,FALSE,FALSE,,https://i.postimg.cc/LsPv1G54/temp-Image1a-Nyha.avif
Pancreatic Cancer,,,,This basic journey is FREE for all users. ,Oncology,BASIC,FALSE,FALSE,FALSE,FALSE,FALSE,,https://i.postimg.cc/LsPv1G54/temp-Image1a-Nyha.avif
Bladder Cancer,,,,This basic journey is FREE for all users. ,Oncology,BASIC,FALSE,FALSE,FALSE,FALSE,FALSE,,https://i.postimg.cc/LsPv1G54/temp-Image1a-Nyha.avif
Kidney Cancer,,,,This basic journey is FREE for all users. ,Oncology,BASIC,FALSE,FALSE,FALSE,FALSE,FALSE,,https://i.postimg.cc/LsPv1G54/temp-Image1a-Nyha.avif
Tumor Resection,,,,This basic journey is FREE for all users. ,Oncology,BASIC,FALSE,FALSE,FALSE,FALSE,FALSE,,https://i.postimg.cc/LsPv1G54/temp-Image1a-Nyha.avif
Lymph Node Dissection,,,,This basic journey is FREE for all users. ,Oncology,BASIC,FALSE,FALSE,FALSE,FALSE,FALSE,,https://i.postimg.cc/LsPv1G54/temp-Image1a-Nyha.avif
Mastectomy,,,,This basic journey is FREE for all users. ,Oncology,BASIC,FALSE,FALSE,FALSE,FALSE,FALSE,,https://i.postimg.cc/LsPv1G54/temp-Image1a-Nyha.avif
Colectomy,,,,This basic journey is FREE for all users. ,Oncology,BASIC,FALSE,FALSE,FALSE,FALSE,FALSE,,https://i.postimg.cc/LsPv1G54/temp-Image1a-Nyha.avif
Robotic-assisted Hysterectomy,,,,This basic journey is FREE for all users. ,Oncology,BASIC,FALSE,FALSE,FALSE,FALSE,FALSE,,https://i.postimg.cc/LsPv1G54/temp-Image1a-Nyha.avif
Total Abdominal Hysterectomy,,,,This basic journey is FREE for all users. ,Oncology,BASIC,FALSE,FALSE,FALSE,FALSE,FALSE,,https://i.postimg.cc/LsPv1G54/temp-Image1a-Nyha.avif
Chemotherapy: Overview,,,,This basic journey is FREE for all users. ,Oncology,BASIC,FALSE,FALSE,FALSE,FALSE,FALSE,,https://i.postimg.cc/LsPv1G54/temp-Image1a-Nyha.avif
Targeted Therapies,,,,This basic journey is FREE for all users. ,Oncology,BASIC,FALSE,FALSE,FALSE,FALSE,FALSE,,https://i.postimg.cc/LsPv1G54/temp-Image1a-Nyha.avif
Hormone Therapy,,,,This basic journey is FREE for all users. ,Oncology,BASIC,FALSE,FALSE,FALSE,FALSE,FALSE,,https://i.postimg.cc/LsPv1G54/temp-Image1a-Nyha.avif
Immunotherapy,,,,This basic journey is FREE for all users. ,Oncology,BASIC,FALSE,FALSE,FALSE,FALSE,FALSE,,https://i.postimg.cc/LsPv1G54/temp-Image1a-Nyha.avif
Antiemetics,,,,This basic journey is FREE for all users. ,Oncology,BASIC,FALSE,FALSE,FALSE,FALSE,FALSE,,https://i.postimg.cc/LsPv1G54/temp-Image1a-Nyha.avif
External Beam Radiation Therapy (EBRT),,,,This basic journey is FREE for all users. ,Oncology,BASIC,FALSE,FALSE,FALSE,FALSE,FALSE,,https://i.postimg.cc/LsPv1G54/temp-Image1a-Nyha.avif
Brachytherapy,,,,This basic journey is FREE for all users. ,Oncology,BASIC,FALSE,FALSE,FALSE,FALSE,FALSE,,https://i.postimg.cc/LsPv1G54/temp-Image1a-Nyha.avif
Intensity-Modulated Radiation Therapy (IMRT),,,,This basic journey is FREE for all users. ,Oncology,BASIC,FALSE,FALSE,FALSE,FALSE,FALSE,,https://i.postimg.cc/LsPv1G54/temp-Image1a-Nyha.avif
Stereotactic Radiosurgery (SRS),,,,This basic journey is FREE for all users. ,Oncology,BASIC,FALSE,FALSE,FALSE,FALSE,FALSE,,https://i.postimg.cc/LsPv1G54/temp-Image1a-Nyha.avif
Stereotactic Body Radiation Therapy (SBRT),,,,This basic journey is FREE for all users. ,Oncology,BASIC,FALSE,FALSE,FALSE,FALSE,FALSE,,https://i.postimg.cc/LsPv1G54/temp-Image1a-Nyha.avif
Lasik Surgery,,,,This basic journey is FREE for all users. ,Ophthalmology,BASIC,FALSE,FALSE,FALSE,FALSE,FALSE,,https://i.postimg.cc/LsPv1G54/temp-Image1a-Nyha.avif
"Refractive Errors (Myopia, Hyperopia, Astigmatism)",,,,This basic journey is FREE for all users. ,Ophthalmology,BASIC,FALSE,FALSE,FALSE,FALSE,FALSE,,https://i.postimg.cc/LsPv1G54/temp-Image1a-Nyha.avif
Cataracts,,,,This basic journey is FREE for all users. ,Ophthalmology,BASIC,FALSE,FALSE,FALSE,FALSE,FALSE,,https://i.postimg.cc/LsPv1G54/temp-Image1a-Nyha.avif
Glaucoma,,,,This basic journey is FREE for all users. ,Ophthalmology,BASIC,FALSE,FALSE,FALSE,FALSE,FALSE,,https://i.postimg.cc/LsPv1G54/temp-Image1a-Nyha.avif
Macular Degeneration,,,,This basic journey is FREE for all users. ,Ophthalmology,BASIC,FALSE,FALSE,FALSE,FALSE,FALSE,,https://i.postimg.cc/LsPv1G54/temp-Image1a-Nyha.avif
Diabetic Retinopathy,,,,This basic journey is FREE for all users. ,Ophthalmology,BASIC,FALSE,FALSE,FALSE,FALSE,FALSE,,https://i.postimg.cc/LsPv1G54/temp-Image1a-Nyha.avif
Retinal Detachment,,,,This basic journey is FREE for all users. ,Ophthalmology,BASIC,FALSE,FALSE,FALSE,FALSE,FALSE,,https://i.postimg.cc/LsPv1G54/temp-Image1a-Nyha.avif
Dry Eye Syndrome,,,,This basic journey is FREE for all users. ,Ophthalmology,BASIC,FALSE,FALSE,FALSE,FALSE,FALSE,,https://i.postimg.cc/LsPv1G54/temp-Image1a-Nyha.avif
Conjunctivitis (Pink Eye),,,,This basic journey is FREE for all users. ,Ophthalmology,BASIC,FALSE,FALSE,FALSE,FALSE,FALSE,,https://i.postimg.cc/LsPv1G54/temp-Image1a-Nyha.avif
Strabismus (Crossed Eyes),,,,This basic journey is FREE for all users. ,Ophthalmology,BASIC,FALSE,FALSE,FALSE,FALSE,FALSE,,https://i.postimg.cc/LsPv1G54/temp-Image1a-Nyha.avif
Amblyopia (Lazy Eye),,,,This basic journey is FREE for all users. ,Ophthalmology,BASIC,FALSE,FALSE,FALSE,FALSE,FALSE,,https://i.postimg.cc/LsPv1G54/temp-Image1a-Nyha.avif
Keratoconus,,,,This basic journey is FREE for all users. ,Ophthalmology,BASIC,FALSE,FALSE,FALSE,FALSE,FALSE,,https://i.postimg.cc/LsPv1G54/temp-Image1a-Nyha.avif
Retinitis Pigmentosa,,,,This basic journey is FREE for all users. ,Ophthalmology,BASIC,FALSE,FALSE,FALSE,FALSE,FALSE,,https://i.postimg.cc/LsPv1G54/temp-Image1a-Nyha.avif
Uveitis,,,,This basic journey is FREE for all users. ,Ophthalmology,BASIC,FALSE,FALSE,FALSE,FALSE,FALSE,,https://i.postimg.cc/LsPv1G54/temp-Image1a-Nyha.avif
Blepharitis,,,,This basic journey is FREE for all users. ,Ophthalmology,BASIC,FALSE,FALSE,FALSE,FALSE,FALSE,,https://i.postimg.cc/LsPv1G54/temp-Image1a-Nyha.avif
Corneal Infections,,,,This basic journey is FREE for all users. ,Ophthalmology,BASIC,FALSE,FALSE,FALSE,FALSE,FALSE,,https://i.postimg.cc/LsPv1G54/temp-Image1a-Nyha.avif
Ocular Migraines,,,,This basic journey is FREE for all users. ,Ophthalmology,BASIC,FALSE,FALSE,FALSE,FALSE,FALSE,,https://i.postimg.cc/LsPv1G54/temp-Image1a-Nyha.avif
Ptosis (Drooping Eyelid),,,,This basic journey is FREE for all users. ,Ophthalmology,BASIC,FALSE,FALSE,FALSE,FALSE,FALSE,,https://i.postimg.cc/LsPv1G54/temp-Image1a-Nyha.avif
Color Vision Deficiency,,,,This basic journey is FREE for all users. ,Ophthalmology,BASIC,FALSE,FALSE,FALSE,FALSE,FALSE,,https://i.postimg.cc/LsPv1G54/temp-Image1a-Nyha.avif
Optic Neuritis,,,,This basic journey is FREE for all users. ,Ophthalmology,BASIC,FALSE,FALSE,FALSE,FALSE,FALSE,,https://i.postimg.cc/LsPv1G54/temp-Image1a-Nyha.avif
Orbital Fractures,,,,This basic journey is FREE for all users. ,Ophthalmology,BASIC,FALSE,FALSE,FALSE,FALSE,FALSE,,https://i.postimg.cc/LsPv1G54/temp-Image1a-Nyha.avif
Total Knee Replacement,,,,This basic journey is FREE for all users. ,Orthopedics,BASIC,FALSE,FALSE,FALSE,FALSE,FALSE,,https://i.postimg.cc/LsPv1G54/temp-Image1a-Nyha.avif
Total Hip Replacement,,,,This basic journey is FREE for all users. ,Orthopedics,BASIC,FALSE,FALSE,FALSE,FALSE,FALSE,,https://i.postimg.cc/LsPv1G54/temp-Image1a-Nyha.avif
Shoulder Arthroscopy,,,,This basic journey is FREE for all users. ,Orthopedics,BASIC,FALSE,FALSE,FALSE,FALSE,FALSE,,https://i.postimg.cc/LsPv1G54/temp-Image1a-Nyha.avif
Hip Arthroscopy,,,,This basic journey is FREE for all users. ,Orthopedics,BASIC,FALSE,FALSE,FALSE,FALSE,FALSE,,https://i.postimg.cc/LsPv1G54/temp-Image1a-Nyha.avif
Knee Arthroscopy,,,,This basic journey is FREE for all users. ,Orthopedics,BASIC,FALSE,FALSE,FALSE,FALSE,FALSE,,https://i.postimg.cc/LsPv1G54/temp-Image1a-Nyha.avif
Ankle Arthroscopy,,,,This basic journey is FREE for all users. ,Orthopedics,BASIC,FALSE,FALSE,FALSE,FALSE,FALSE,,https://i.postimg.cc/LsPv1G54/temp-Image1a-Nyha.avif
Elbow Arthroscopy,,,,This basic journey is FREE for all users. ,Orthopedics,BASIC,FALSE,FALSE,FALSE,FALSE,FALSE,,https://i.postimg.cc/LsPv1G54/temp-Image1a-Nyha.avif
Osteoarthritis,,,,This basic journey is FREE for all users. ,Orthopedics,BASIC,FALSE,FALSE,FALSE,FALSE,FALSE,,https://i.postimg.cc/LsPv1G54/temp-Image1a-Nyha.avif
Rotator Cuff Injuries,,,,This basic journey is FREE for all users. ,Orthopedics,BASIC,FALSE,FALSE,FALSE,FALSE,FALSE,,https://i.postimg.cc/LsPv1G54/temp-Image1a-Nyha.avif
Rotator Cuff Repair,,,,This basic journey is FREE for all users. ,Orthopedics,BASIC,FALSE,FALSE,FALSE,FALSE,FALSE,,https://i.postimg.cc/LsPv1G54/temp-Image1a-Nyha.avif
Bursitis,,,,This basic journey is FREE for all users. ,Orthopedics,BASIC,FALSE,FALSE,FALSE,FALSE,FALSE,,https://i.postimg.cc/LsPv1G54/temp-Image1a-Nyha.avif
Fracture Repair,,,,This basic journey is FREE for all users. ,Orthopedics,BASIC,FALSE,FALSE,FALSE,FALSE,FALSE,,https://i.postimg.cc/LsPv1G54/temp-Image1a-Nyha.avif
Soft Tissue Repair,,,,This basic journey is FREE for all users. ,Orthopedics,BASIC,FALSE,FALSE,FALSE,FALSE,FALSE,,https://i.postimg.cc/LsPv1G54/temp-Image1a-Nyha.avif
Debridement,,,,This basic journey is FREE for all users. ,Orthopedics,BASIC,FALSE,FALSE,FALSE,FALSE,FALSE,,https://i.postimg.cc/LsPv1G54/temp-Image1a-Nyha.avif
Osteotomy,,,,This basic journey is FREE for all users. ,Orthopedics,BASIC,FALSE,FALSE,FALSE,FALSE,FALSE,,https://i.postimg.cc/LsPv1G54/temp-Image1a-Nyha.avif
Tendon Transfer,,,,This basic journey is FREE for all users. ,Orthopedics,BASIC,FALSE,FALSE,FALSE,FALSE,FALSE,,https://i.postimg.cc/LsPv1G54/temp-Image1a-Nyha.avif
X-rays,,,,This basic journey is FREE for all users. ,Orthopedics,BASIC,FALSE,FALSE,FALSE,FALSE,FALSE,,https://i.postimg.cc/LsPv1G54/temp-Image1a-Nyha.avif
Magnetic Resonance Imaging (MRI),,,,This basic journey is FREE for all users. ,Orthopedics,BASIC,FALSE,FALSE,FALSE,FALSE,FALSE,,https://i.postimg.cc/LsPv1G54/temp-Image1a-Nyha.avif
Bone Density Test (DEXA Scan),,,,This basic journey is FREE for all users. ,Orthopedics,BASIC,FALSE,FALSE,FALSE,FALSE,FALSE,,https://i.postimg.cc/LsPv1G54/temp-Image1a-Nyha.avif
Electromyography (EMG),,,,This basic journey is FREE for all users. ,Orthopedics,BASIC,FALSE,FALSE,FALSE,FALSE,FALSE,,https://i.postimg.cc/LsPv1G54/temp-Image1a-Nyha.avif
Nerve Conduction Studies (NCS),,,,This basic journey is FREE for all users. ,Orthopedics,BASIC,FALSE,FALSE,FALSE,FALSE,FALSE,,https://i.postimg.cc/LsPv1G54/temp-Image1a-Nyha.avif
Tonsillitis,,,,This basic journey is FREE for all users. ,Pediatrics  ,BASIC,FALSE,FALSE,FALSE,FALSE,FALSE,,https://i.postimg.cc/LsPv1G54/temp-Image1a-Nyha.avif
Upper Respiratory Infections,,,,This basic journey is FREE for all users. ,Pediatrics  ,BASIC,FALSE,FALSE,FALSE,FALSE,FALSE,,https://i.postimg.cc/LsPv1G54/temp-Image1a-Nyha.avif
Ear Infections,,,,This basic journey is FREE for all users. ,Pediatrics  ,BASIC,FALSE,FALSE,FALSE,FALSE,FALSE,,https://i.postimg.cc/LsPv1G54/temp-Image1a-Nyha.avif
Asthma,,,,This basic journey is FREE for all users. ,Pediatrics  ,BASIC,FALSE,FALSE,FALSE,FALSE,FALSE,,https://i.postimg.cc/LsPv1G54/temp-Image1a-Nyha.avif
Gastroenteritis,,,,This basic journey is FREE for all users. ,Pediatrics  ,BASIC,FALSE,FALSE,FALSE,FALSE,FALSE,,https://i.postimg.cc/LsPv1G54/temp-Image1a-Nyha.avif
Allergies,,,,This basic journey is FREE for all users. ,Pediatrics  ,BASIC,FALSE,FALSE,FALSE,FALSE,FALSE,,https://i.postimg.cc/LsPv1G54/temp-Image1a-Nyha.avif
Strep Throat,,,,This basic journey is FREE for all users. ,Pediatrics  ,BASIC,FALSE,FALSE,FALSE,FALSE,FALSE,,https://i.postimg.cc/LsPv1G54/temp-Image1a-Nyha.avif
Urinary Tract Infections,,,,This basic journey is FREE for all users. ,Pediatrics  ,BASIC,FALSE,FALSE,FALSE,FALSE,FALSE,,https://i.postimg.cc/LsPv1G54/temp-Image1a-Nyha.avif
Conjunctivitis,,,,This basic journey is FREE for all users. ,Pediatrics  ,BASIC,FALSE,FALSE,FALSE,FALSE,FALSE,,https://i.postimg.cc/LsPv1G54/temp-Image1a-Nyha.avif
Skin Infections,,,,This basic journey is FREE for all users. ,Pediatrics  ,BASIC,FALSE,FALSE,FALSE,FALSE,FALSE,,https://i.postimg.cc/LsPv1G54/temp-Image1a-Nyha.avif
Eczema,,,,This basic journey is FREE for all users. ,Pediatrics  ,BASIC,FALSE,FALSE,FALSE,FALSE,FALSE,,https://i.postimg.cc/LsPv1G54/temp-Image1a-Nyha.avif
Acute Otitis Media,,,,This basic journey is FREE for all users. ,Pediatrics  ,BASIC,FALSE,FALSE,FALSE,FALSE,FALSE,,https://i.postimg.cc/LsPv1G54/temp-Image1a-Nyha.avif
Croup,,,,This basic journey is FREE for all users. ,Pediatrics  ,BASIC,FALSE,FALSE,FALSE,FALSE,FALSE,,https://i.postimg.cc/LsPv1G54/temp-Image1a-Nyha.avif
Bronchiolitis,,,,This basic journey is FREE for all users. ,Pediatrics  ,BASIC,FALSE,FALSE,FALSE,FALSE,FALSE,,https://i.postimg.cc/LsPv1G54/temp-Image1a-Nyha.avif
Fever,,,,This basic journey is FREE for all users. ,Pediatrics  ,BASIC,FALSE,FALSE,FALSE,FALSE,FALSE,,https://i.postimg.cc/LsPv1G54/temp-Image1a-Nyha.avif
Diarrhea,,,,This basic journey is FREE for all users. ,Pediatrics  ,BASIC,FALSE,FALSE,FALSE,FALSE,FALSE,,https://i.postimg.cc/LsPv1G54/temp-Image1a-Nyha.avif
Vomiting,,,,This basic journey is FREE for all users. ,Pediatrics  ,BASIC,FALSE,FALSE,FALSE,FALSE,FALSE,,https://i.postimg.cc/LsPv1G54/temp-Image1a-Nyha.avif
Anxiety Disorders,,,,This basic journey is FREE for all users. ,Pediatrics  ,BASIC,FALSE,FALSE,FALSE,FALSE,FALSE,,https://i.postimg.cc/LsPv1G54/temp-Image1a-Nyha.avif
Attention-Deficit/Hyperactivity Disorder (ADHD),,,,This basic journey is FREE for all users. ,Pediatrics  ,BASIC,FALSE,FALSE,FALSE,FALSE,FALSE,,https://i.postimg.cc/LsPv1G54/temp-Image1a-Nyha.avif
Autism Spectrum Disorder (ASD),,,,This basic journey is FREE for all users. ,Pediatrics  ,BASIC,FALSE,FALSE,FALSE,FALSE,FALSE,,https://i.postimg.cc/LsPv1G54/temp-Image1a-Nyha.avif
Childhood Obesity,,,,This basic journey is FREE for all users. ,Pediatrics  ,BASIC,FALSE,FALSE,FALSE,FALSE,FALSE,,https://i.postimg.cc/LsPv1G54/temp-Image1a-Nyha.avif
Vaccine: Hepatitis B (HepB),,,,This basic journey is FREE for all users. ,Pediatrics  ,BASIC,FALSE,FALSE,FALSE,FALSE,FALSE,,https://i.postimg.cc/LsPv1G54/temp-Image1a-Nyha.avif
Vaccine: Rotavirus (RV),,,,This basic journey is FREE for all users. ,Pediatrics  ,BASIC,FALSE,FALSE,FALSE,FALSE,FALSE,,https://i.postimg.cc/LsPv1G54/temp-Image1a-Nyha.avif
"Vaccine: Diphtheria, Tetanus, and Pertussis (DTaP)",,,,This basic journey is FREE for all users. ,Pediatrics  ,BASIC,FALSE,FALSE,FALSE,FALSE,FALSE,,https://i.postimg.cc/LsPv1G54/temp-Image1a-Nyha.avif
Vaccine: Haemophilus Influenzae Type B (Hib),,,,This basic journey is FREE for all users. ,Pediatrics  ,BASIC,FALSE,FALSE,FALSE,FALSE,FALSE,,https://i.postimg.cc/LsPv1G54/temp-Image1a-Nyha.avif
Vaccine: Pneumococcal Conjugate (PCV13),,,,This basic journey is FREE for all users. ,Pediatrics  ,BASIC,FALSE,FALSE,FALSE,FALSE,FALSE,,https://i.postimg.cc/LsPv1G54/temp-Image1a-Nyha.avif
Vaccine: Inactivated Poliovirus (IPV),,,,This basic journey is FREE for all users. ,Pediatrics  ,BASIC,FALSE,FALSE,FALSE,FALSE,FALSE,,https://i.postimg.cc/LsPv1G54/temp-Image1a-Nyha.avif
Vaccine: Influenza (Flu),,,,This basic journey is FREE for all users. ,Pediatrics  ,BASIC,FALSE,FALSE,FALSE,FALSE,FALSE,,https://i.postimg.cc/LsPv1G54/temp-Image1a-Nyha.avif
"Vaccine: Measles, Mumps, Rubella (MMR)",,,,This basic journey is FREE for all users. ,Pediatrics  ,BASIC,FALSE,FALSE,FALSE,FALSE,FALSE,,https://i.postimg.cc/LsPv1G54/temp-Image1a-Nyha.avif
Vaccine: Varicella (VAR),,,,This basic journey is FREE for all users. ,Pediatrics  ,BASIC,FALSE,FALSE,FALSE,FALSE,FALSE,,https://i.postimg.cc/LsPv1G54/temp-Image1a-Nyha.avif
Vaccine: Hepatitis A (HepA),,,,This basic journey is FREE for all users. ,Pediatrics  ,BASIC,FALSE,FALSE,FALSE,FALSE,FALSE,,https://i.postimg.cc/LsPv1G54/temp-Image1a-Nyha.avif
Vaccine: Meningococcal (MenACWY),,,,This basic journey is FREE for all users. ,Pediatrics  ,BASIC,FALSE,FALSE,FALSE,FALSE,FALSE,,https://i.postimg.cc/LsPv1G54/temp-Image1a-Nyha.avif
Vaccine: Human Papillomavirus (HPV),,,,This basic journey is FREE for all users. ,Pediatrics  ,BASIC,FALSE,FALSE,FALSE,FALSE,FALSE,,https://i.postimg.cc/LsPv1G54/temp-Image1a-Nyha.avif
Amputee Follow-Up,,,,This basic journey is FREE for all users. ,Prosthetics,BASIC,FALSE,FALSE,FALSE,FALSE,FALSE,,https://i.postimg.cc/LsPv1G54/temp-Image1a-Nyha.avif
New Amputee,,,,This basic journey is FREE for all users. ,Prosthetics,BASIC,FALSE,FALSE,FALSE,FALSE,FALSE,,https://i.postimg.cc/LsPv1G54/temp-Image1a-Nyha.avif
Welcome To Our Practice,,,,This basic journey is FREE for all users. ,Prosthetics,BASIC,FALSE,FALSE,FALSE,FALSE,FALSE,,https://i.postimg.cc/LsPv1G54/temp-Image1a-Nyha.avif
My VA Order,,,,This basic journey is FREE for all users. ,Prosthetics,BASIC,FALSE,FALSE,FALSE,FALSE,FALSE,,https://i.postimg.cc/LsPv1G54/temp-Image1a-Nyha.avif
Rheumatoid Arthritis,,,,This basic journey is FREE for all users. ,Rheumatology,BASIC,FALSE,FALSE,FALSE,FALSE,FALSE,,https://i.postimg.cc/LsPv1G54/temp-Image1a-Nyha.avif
Mixed Connective Tissue Disease,,,,This basic journey is FREE for all users. ,Rheumatology,BASIC,FALSE,FALSE,FALSE,FALSE,FALSE,,https://i.postimg.cc/LsPv1G54/temp-Image1a-Nyha.avif
Osteoarthritis,,,,This basic journey is FREE for all users. ,Rheumatology,BASIC,FALSE,FALSE,FALSE,FALSE,FALSE,,https://i.postimg.cc/LsPv1G54/temp-Image1a-Nyha.avif
Lupus,,,,This basic journey is FREE for all users. ,Rheumatology,BASIC,FALSE,FALSE,FALSE,FALSE,FALSE,,https://i.postimg.cc/LsPv1G54/temp-Image1a-Nyha.avif
Gout,,,,This basic journey is FREE for all users. ,Rheumatology,BASIC,FALSE,FALSE,FALSE,FALSE,FALSE,,https://i.postimg.cc/LsPv1G54/temp-Image1a-Nyha.avif
Ankylosing spondylitis,,,,This basic journey is FREE for all users. ,Rheumatology,BASIC,FALSE,FALSE,FALSE,FALSE,FALSE,,https://i.postimg.cc/LsPv1G54/temp-Image1a-Nyha.avif
Psoriatic arthritis,,,,This basic journey is FREE for all users. ,Rheumatology,BASIC,FALSE,FALSE,FALSE,FALSE,FALSE,,https://i.postimg.cc/LsPv1G54/temp-Image1a-Nyha.avif
Juvenile idiopathic arthritis,,,,This basic journey is FREE for all users. ,Rheumatology,BASIC,FALSE,FALSE,FALSE,FALSE,FALSE,,https://i.postimg.cc/LsPv1G54/temp-Image1a-Nyha.avif
Scleroderma,,,,This basic journey is FREE for all users. ,Rheumatology,BASIC,FALSE,FALSE,FALSE,FALSE,FALSE,,https://i.postimg.cc/LsPv1G54/temp-Image1a-Nyha.avif
Vasculitis,,,,This basic journey is FREE for all users. ,Rheumatology,BASIC,FALSE,FALSE,FALSE,FALSE,FALSE,,https://i.postimg.cc/LsPv1G54/temp-Image1a-Nyha.avif
Myositis,,,,This basic journey is FREE for all users. ,Rheumatology,BASIC,FALSE,FALSE,FALSE,FALSE,FALSE,,https://i.postimg.cc/LsPv1G54/temp-Image1a-Nyha.avif
Sjögren's syndrome,,,,This basic journey is FREE for all users. ,Rheumatology,BASIC,FALSE,FALSE,FALSE,FALSE,FALSE,,https://i.postimg.cc/LsPv1G54/temp-Image1a-Nyha.avif
Polymyalgia rheumatica,,,,This basic journey is FREE for all users. ,Rheumatology,BASIC,FALSE,FALSE,FALSE,FALSE,FALSE,,https://i.postimg.cc/LsPv1G54/temp-Image1a-Nyha.avif
Behçet's disease,,,,This basic journey is FREE for all users. ,Rheumatology,BASIC,FALSE,FALSE,FALSE,FALSE,FALSE,,https://i.postimg.cc/LsPv1G54/temp-Image1a-Nyha.avif
Reactive arthritis,,,,This basic journey is FREE for all users. ,Rheumatology,BASIC,FALSE,FALSE,FALSE,FALSE,FALSE,,https://i.postimg.cc/LsPv1G54/temp-Image1a-Nyha.avif
Polymyositis,,,,This basic journey is FREE for all users. ,Rheumatology,BASIC,FALSE,FALSE,FALSE,FALSE,FALSE,,https://i.postimg.cc/LsPv1G54/temp-Image1a-Nyha.avif
Dermatomyositis,,,,This basic journey is FREE for all users. ,Rheumatology,BASIC,FALSE,FALSE,FALSE,FALSE,FALSE,,https://i.postimg.cc/LsPv1G54/temp-Image1a-Nyha.avif
Systemic lupus erythematosus,,,,This basic journey is FREE for all users. ,Rheumatology,BASIC,FALSE,FALSE,FALSE,FALSE,FALSE,,https://i.postimg.cc/LsPv1G54/temp-Image1a-Nyha.avif
Antiphospholipid syndrome,,,,This basic journey is FREE for all users. ,Rheumatology,BASIC,FALSE,FALSE,FALSE,FALSE,FALSE,,https://i.postimg.cc/LsPv1G54/temp-Image1a-Nyha.avif
Raynaud's phenomenon,,,,This basic journey is FREE for all users. ,Rheumatology,BASIC,FALSE,FALSE,FALSE,FALSE,FALSE,,https://i.postimg.cc/LsPv1G54/temp-Image1a-Nyha.avif
Herniated Disc,,,,This basic journey is FREE for all users. ,Spine,BASIC,FALSE,FALSE,FALSE,FALSE,FALSE,,https://i.postimg.cc/LsPv1G54/temp-Image1a-Nyha.avif
Spinal Stenosis,,,,This basic journey is FREE for all users. ,Spine,BASIC,FALSE,FALSE,FALSE,FALSE,FALSE,,https://i.postimg.cc/LsPv1G54/temp-Image1a-Nyha.avif
Scoliosis,,,,This basic journey is FREE for all users. ,Spine,BASIC,FALSE,FALSE,FALSE,FALSE,FALSE,,https://i.postimg.cc/LsPv1G54/temp-Image1a-Nyha.avif
Spinal Fractures,,,,This basic journey is FREE for all users. ,Spine,BASIC,FALSE,FALSE,FALSE,FALSE,FALSE,,https://i.postimg.cc/LsPv1G54/temp-Image1a-Nyha.avif
Degenerative Disc Disease,,,,This basic journey is FREE for all users. ,Spine,BASIC,FALSE,FALSE,FALSE,FALSE,FALSE,,https://i.postimg.cc/LsPv1G54/temp-Image1a-Nyha.avif
Spinal Fusion,,,,This basic journey is FREE for all users. ,Spine,BASIC,FALSE,FALSE,FALSE,FALSE,FALSE,,https://i.postimg.cc/LsPv1G54/temp-Image1a-Nyha.avif
Discectomy,,,,This basic journey is FREE for all users. ,Spine,BASIC,FALSE,FALSE,FALSE,FALSE,FALSE,,https://i.postimg.cc/LsPv1G54/temp-Image1a-Nyha.avif
Laminectomy,,,,This basic journey is FREE for all users. ,Spine,BASIC,FALSE,FALSE,FALSE,FALSE,FALSE,,https://i.postimg.cc/LsPv1G54/temp-Image1a-Nyha.avif
Artificial Disc Replacement,,,,This basic journey is FREE for all users. ,Spine,BASIC,FALSE,FALSE,FALSE,FALSE,FALSE,,https://i.postimg.cc/LsPv1G54/temp-Image1a-Nyha.avif
Vertebroplasty,,,,This basic journey is FREE for all users. ,Spine,BASIC,FALSE,FALSE,FALSE,FALSE,FALSE,,https://i.postimg.cc/LsPv1G54/temp-Image1a-Nyha.avif
Kyphoplasty,,,,This basic journey is FREE for all users. ,Spine,BASIC,FALSE,FALSE,FALSE,FALSE,FALSE,,https://i.postimg.cc/LsPv1G54/temp-Image1a-Nyha.avif
X-rays,,,,This basic journey is FREE for all users. ,Spine,BASIC,FALSE,FALSE,FALSE,FALSE,FALSE,,https://i.postimg.cc/LsPv1G54/temp-Image1a-Nyha.avif
Magnetic Resonance Imaging (MRI),,,,This basic journey is FREE for all users. ,Spine,BASIC,FALSE,FALSE,FALSE,FALSE,FALSE,,https://i.postimg.cc/LsPv1G54/temp-Image1a-Nyha.avif
Discography,,,,This basic journey is FREE for all users. ,Spine,BASIC,FALSE,FALSE,FALSE,FALSE,FALSE,,https://i.postimg.cc/LsPv1G54/temp-Image1a-Nyha.avif
Electromyography (EMG),,,,This basic journey is FREE for all users. ,Spine,BASIC,FALSE,FALSE,FALSE,FALSE,FALSE,,https://i.postimg.cc/LsPv1G54/temp-Image1a-Nyha.avif
Varicose Veins,,,,This basic journey is FREE for all users. ,Vein Clinics,BASIC,FALSE,FALSE,FALSE,FALSE,FALSE,,https://i.postimg.cc/LsPv1G54/temp-Image1a-Nyha.avif
Spider Veins,,,,This basic journey is FREE for all users. ,Vein Clinics,BASIC,FALSE,FALSE,FALSE,FALSE,FALSE,,https://i.postimg.cc/LsPv1G54/temp-Image1a-Nyha.avif
Pelvic Congestion Syndrome,,,,This basic journey is FREE for all users. ,Vein Clinics,BASIC,FALSE,FALSE,FALSE,FALSE,FALSE,,https://i.postimg.cc/LsPv1G54/temp-Image1a-Nyha.avif
Stasis Dermatitis,,,,This basic journey is FREE for all users. ,Vein Clinics,BASIC,FALSE,FALSE,FALSE,FALSE,FALSE,,https://i.postimg.cc/LsPv1G54/temp-Image1a-Nyha.avif
Restless Leg Syndrome,,,,This basic journey is FREE for all users. ,Vein Clinics,BASIC,FALSE,FALSE,FALSE,FALSE,FALSE,,https://i.postimg.cc/LsPv1G54/temp-Image1a-Nyha.avif
Superior Mesenteric Artery Syndrome (SMAS),,,,This basic journey is FREE for all users. ,Vein Clinics,BASIC,FALSE,FALSE,FALSE,FALSE,FALSE,,https://i.postimg.cc/LsPv1G54/temp-Image1a-Nyha.avif
Chronic Venous Insufficiency (CVI),,,,This basic journey is FREE for all users. ,Vein Clinics,BASIC,FALSE,FALSE,FALSE,FALSE,FALSE,,https://i.postimg.cc/LsPv1G54/temp-Image1a-Nyha.avif
May-Thurner Syndrome,,,,This basic journey is FREE for all users. ,Vein Clinics,BASIC,FALSE,FALSE,FALSE,FALSE,FALSE,,https://i.postimg.cc/LsPv1G54/temp-Image1a-Nyha.avif
Venous Aneurysm,,,,This basic journey is FREE for all users. ,Vein Clinics,BASIC,FALSE,FALSE,FALSE,FALSE,FALSE,,https://i.postimg.cc/LsPv1G54/temp-Image1a-Nyha.avif
Sclerotherapy For Varicose Veins,,,,This basic journey is FREE for all users. ,Vein Clinics,BASIC,FALSE,FALSE,FALSE,FALSE,FALSE,,https://i.postimg.cc/LsPv1G54/temp-Image1a-Nyha.avif
Endovenous Thermal Ablation for Varicose Veins,,,,This basic journey is FREE for all users. ,Vein Clinics,BASIC,FALSE,FALSE,FALSE,FALSE,FALSE,,https://i.postimg.cc/LsPv1G54/temp-Image1a-Nyha.avif
Endovascular Thrombectomy for Vein Disease,,,,This basic journey is FREE for all users. ,Vein Clinics,BASIC,FALSE,FALSE,FALSE,FALSE,FALSE,,https://i.postimg.cc/LsPv1G54/temp-Image1a-Nyha.avif
Radiofrequency Ablation (RFA) For Vein Disease,,,,This basic journey is FREE for all users. ,Vein Clinics,BASIC,FALSE,FALSE,FALSE,FALSE,FALSE,,https://i.postimg.cc/LsPv1G54/temp-Image1a-Nyha.avif
Compression Stockings and Vein Health,,,,This basic journey is FREE for all users. ,Vein Clinics,BASIC,FALSE,FALSE,FALSE,FALSE,FALSE,,https://i.postimg.cc/LsPv1G54/temp-Image1a-Nyha.avif
Menopause and Vein Health,,,,This basic journey is FREE for all users. ,Vein Clinics,BASIC,FALSE,FALSE,FALSE,FALSE,FALSE,,https://i.postimg.cc/LsPv1G54/temp-Image1a-Nyha.avif
Pregnancy and Vein Health,,,,This basic journey is FREE for all users. ,Vein Clinics,BASIC,FALSE,FALSE,FALSE,FALSE,FALSE,,https://i.postimg.cc/LsPv1G54/temp-Image1a-Nyha.avif
Atrial Fibrillation (AFib) ,,,,Upgrade to PRO to access this journey. ,Cardiology,PRO,FALSE,FALSE,FALSE,FALSE,FALSE,,https://i.postimg.cc/BbnxMzSK/temp-Image5-PKpmz.avif
Long QT Syndrome (LQTS),,,,Upgrade to PRO to access this journey. ,Cardiology,PRO,FALSE,FALSE,FALSE,FALSE,FALSE,,https://i.postimg.cc/BbnxMzSK/temp-Image5-PKpmz.avif
Catheter Ablation,,,,Upgrade to PRO to access this journey. ,Cardiology,PRO,FALSE,FALSE,FALSE,FALSE,FALSE,,https://i.postimg.cc/BbnxMzSK/temp-Image5-PKpmz.avif
Pacemaker Implantation,,,,Upgrade to PRO to access this journey. ,Cardiology,PRO,FALSE,FALSE,FALSE,FALSE,FALSE,,https://i.postimg.cc/BbnxMzSK/temp-Image5-PKpmz.avif
Inferior Turbinate Reduction Treatment for Nasal Airway Obstruction ,,,,This basic journey is FREE for all users. ,ENT,BASIC,FALSE,FALSE,FALSE,FALSE,FALSE,,https://i.postimg.cc/LsPv1G54/temp-Image1a-Nyha.avif
Facial Trauma,,,,This basic journey is FREE for all users. ,ENT,BASIC,FALSE,FALSE,FALSE,FALSE,FALSE,,https://i.postimg.cc/LsPv1G54/temp-Image1a-Nyha.avif
XprESS Sinus Balloon Dilation,,,,Upgrade to PRO to access this journey. ,ENT,PRO,FALSE,FALSE,FALSE,FALSE,FALSE,,https://i.postimg.cc/BbnxMzSK/temp-Image5-PKpmz.avif
Nasal Polyps,,,,This basic journey is FREE for all users. ,ENT,BASIC,FALSE,FALSE,FALSE,FALSE,FALSE,,https://i.postimg.cc/LsPv1G54/temp-Image1a-Nyha.avif
Nasal Saline Rinse ,,,,This basic journey is FREE for all users. ,ENT,BASIC,FALSE,FALSE,FALSE,FALSE,FALSE,,https://i.postimg.cc/LsPv1G54/temp-Image1a-Nyha.avif
Pharyngitis,,,,This basic journey is FREE for all users. ,ENT,BASIC,FALSE,FALSE,FALSE,FALSE,FALSE,,https://i.postimg.cc/LsPv1G54/temp-Image1a-Nyha.avif
Treating Ear Infections with Ear Tubes,,,,This basic journey is FREE for all users. ,ENT,BASIC,FALSE,FALSE,FALSE,FALSE,FALSE,,https://i.postimg.cc/LsPv1G54/temp-Image1a-Nyha.avif
Acute Rhinosinusitis,,,,This basic journey is FREE for all users. ,ENT,BASIC,FALSE,FALSE,FALSE,FALSE,FALSE,,https://i.postimg.cc/LsPv1G54/temp-Image1a-Nyha.avif
Allergic Rhinitis,,,,This basic journey is FREE for all users. ,ENT,BASIC,FALSE,FALSE,FALSE,FALSE,FALSE,,https://i.postimg.cc/LsPv1G54/temp-Image1a-Nyha.avif
The Propel Implant Procedure,,,,Upgrade to PRO to access this journey. ,ENT,PRO,FALSE,FALSE,FALSE,FALSE,FALSE,,https://i.postimg.cc/BbnxMzSK/temp-Image5-PKpmz.avif
Swimmer's Ear,,,,This basic journey is FREE for all users. ,ENT,BASIC,FALSE,FALSE,FALSE,FALSE,FALSE,,https://i.postimg.cc/LsPv1G54/temp-Image1a-Nyha.avif
INSPIRE Therapy for Obstructive Sleep Apnea – Asleep Airway Exam Education,,,,Upgrade to PRO to access this journey. ,ENT,PRO,FALSE,FALSE,FALSE,FALSE,FALSE,,https://i.postimg.cc/BbnxMzSK/temp-Image5-PKpmz.avif
ClariFix for Rhinitis,,,,Upgrade to PRO to access this journey. ,ENT,PRO,FALSE,FALSE,FALSE,FALSE,FALSE,,https://i.postimg.cc/BbnxMzSK/temp-Image5-PKpmz.avif
Snoring,,,,This basic journey is FREE for all users. ,ENT,BASIC,FALSE,FALSE,FALSE,FALSE,FALSE,,https://i.postimg.cc/LsPv1G54/temp-Image1a-Nyha.avif
Tonsillitis,,,,This basic journey is FREE for all users. ,ENT,BASIC,FALSE,FALSE,FALSE,FALSE,FALSE,,https://i.postimg.cc/LsPv1G54/temp-Image1a-Nyha.avif
Chronic Cough,,,,This basic journey is FREE for all users. ,ENT,BASIC,FALSE,FALSE,FALSE,FALSE,FALSE,,https://i.postimg.cc/LsPv1G54/temp-Image1a-Nyha.avif
Balloon Sinuplasty Procedure,,,,Upgrade to PRO to access this journey. ,ENT,PRO,FALSE,FALSE,FALSE,FALSE,FALSE,,https://i.postimg.cc/BbnxMzSK/temp-Image5-PKpmz.avif
Treating Nasal Polyps With A Sinuva Implant,,,,Upgrade to PRO to access this journey. ,ENT,PRO,FALSE,FALSE,FALSE,FALSE,FALSE,,https://i.postimg.cc/BbnxMzSK/temp-Image5-PKpmz.avif
Otitis Media,,,,This basic journey is FREE for all users. ,ENT,BASIC,FALSE,FALSE,FALSE,FALSE,FALSE,,https://i.postimg.cc/LsPv1G54/temp-Image1a-Nyha.avif
About Inspire Therapy,,,,Upgrade to PRO to access this journey. ,ENT,PRO,FALSE,FALSE,FALSE,FALSE,FALSE,,https://i.postimg.cc/BbnxMzSK/temp-Image5-PKpmz.avif
Sleep Apnea,,,,This basic journey is FREE for all users. ,ENT,BASIC,FALSE,FALSE,FALSE,FALSE,FALSE,,https://i.postimg.cc/LsPv1G54/temp-Image1a-Nyha.avif
Ear Tubes,,,,This basic journey is FREE for all users. ,ENT,BASIC,FALSE,FALSE,FALSE,FALSE,FALSE,,https://i.postimg.cc/LsPv1G54/temp-Image1a-Nyha.avif
Benign Paroxysmal Positional Vertigo (BPPV),,,,This basic journey is FREE for all users. ,ENT,BASIC,FALSE,FALSE,FALSE,FALSE,FALSE,,https://i.postimg.cc/LsPv1G54/temp-Image1a-Nyha.avif
Laryngitis,,,,This basic journey is FREE for all users. ,ENT,BASIC,FALSE,FALSE,FALSE,FALSE,FALSE,,https://i.postimg.cc/LsPv1G54/temp-Image1a-Nyha.avif
Hearing,,,,This basic journey is FREE for all users. ,ENT,BASIC,FALSE,FALSE,FALSE,FALSE,FALSE,,https://i.postimg.cc/LsPv1G54/temp-Image1a-Nyha.avif
Vertigo,,,,This basic journey is FREE for all users. ,ENT,BASIC,FALSE,FALSE,FALSE,FALSE,FALSE,,https://i.postimg.cc/LsPv1G54/temp-Image1a-Nyha.avif
Head and Neck Cancer,,,,This basic journey is FREE for all users. ,ENT,BASIC,FALSE,FALSE,FALSE,FALSE,FALSE,,https://i.postimg.cc/LsPv1G54/temp-Image1a-Nyha.avif
Sinusitis,,,,This basic journey is FREE for all users. ,ENT,BASIC,FALSE,FALSE,FALSE,FALSE,FALSE,,https://i.postimg.cc/LsPv1G54/temp-Image1a-Nyha.avif
Nasal Congestion,,,,This basic journey is FREE for all users. ,ENT,BASIC,FALSE,FALSE,FALSE,FALSE,FALSE,,https://i.postimg.cc/LsPv1G54/temp-Image1a-Nyha.avif
Earwax Buildup,,,,This basic journey is FREE for all users. ,ENT,BASIC,FALSE,FALSE,FALSE,FALSE,FALSE,,https://i.postimg.cc/LsPv1G54/temp-Image1a-Nyha.avif
Tonsillectomy and Adenoidectomy,,,,This basic journey is FREE for all users. ,ENT,BASIC,FALSE,FALSE,FALSE,FALSE,FALSE,,https://i.postimg.cc/LsPv1G54/temp-Image1a-Nyha.avif
About Nasal Polyps,,,,This basic journey is FREE for all users. ,ENT,BASIC,FALSE,FALSE,FALSE,FALSE,FALSE,,https://i.postimg.cc/LsPv1G54/temp-Image1a-Nyha.avif
Hoarseness,,,,This basic journey is FREE for all users. ,ENT,BASIC,FALSE,FALSE,FALSE,FALSE,FALSE,,https://i.postimg.cc/LsPv1G54/temp-Image1a-Nyha.avif